label	premise	hypothesis	prompt1si	prompt1en	prompt2si	prompt2en	few3_1	expl_preds	expl
entailment	Na pojav raka: Kajenje je lahko nevaren dejavnik za razvoj raka dojke, raka materničnega vratu ter prostate.	Kajenje povzroča več vrst raka tako na dojkah in materničnem vratu pri ženskah kot na prostati pri moških.	entailment	entailment	entailment	entailment	entailment	entailment	Izjava je v skladu s podanim stavkom, saj omenja iste vrste raka, ki jih povzroča kajenje, kot so navedene v stavku.
entailment	Spečemo, narežemo na poševne kocke, jih damo na krožnik in prelijemo z govejo juho.	Postavimo na vroče olje, nasesekljamo na enakovredne dele, jih prestavimo na krožnik in polijemo z juho na osnovi govedine.	neutral	neutral	contradiction	contradiction	contradiction	neutral	Izjava vsebuje podobne korake kot izvirna izjava, vendar se ne ujema v vseh podrobnostih, zato je nevtralna.
neutral	Kandidat se lahko vpiše na podiplomski program za pridobitev doktorata znanosti med magistrskim študijem, če ima opravljene vse izpite magistrskega študija s povprečno oceno najmanj 8 in priporočilo mentorja.	Študentje drugostopenjskega študija imajo možnost vpisa na doktorat znanosti že v času študija, pogoj za vpis je povprečna ocena vseh opravljenih predmetov nad 8,0 na prvi in drugi stopnji.	entailment	contradiction	entailment	neutral	entailment	contradiction	Izjava je v nasprotju s podanim stavkom, saj za vpis na doktorat znanosti med magistrskim študijem ni potrebno imeti povprečne ocene vseh opravljenih predmetov nad 8,0 na prvi in drugi stopnji.
neutral	Med moje naloge sodi tudi polnjenje polic in naročanje izdelkov .	Trgovina mora imeti vedno prave količine izdelkov in skrbeti, da so ti na voljo.	entailment	entailment	entailment	entailment	entailment	entailment	"Izjava ""Trgovina mora imeti vedno prave količine izdelkov in skrbeti, da so ti na voljo."" je v skladu s stavkom ""Med moje naloge sodi tudi polnjenje polic in naročanje izdelkov."" Ker je izjava v skladu s stavkom, je izjava potrjena."
neutral	Če pa avtomobil podkrmari (hitrejša rotacija), ESP zavre zadnje zunanje kolo.	Mokre ceste lahko privedejo do sunkovitega vrtenja avta, kar ESP prepreči z zmanjšanjem hitrosti zadnjih koles.	entailment	entailment	entailment	entailment	entailment	entailment	Izjava je v skladu z izjavo v stavku, saj obe izjavi govorita o tem, kako ESP preprečuje vrtenje zadnjih koles avtomobila.
entailment	Mogoče bi bilo vse drugače, če bi drugače začela.	Morda bi bila v primeru drugačnega začetka celotna situacija drugačna.	entailment	entailment	entailment	neutral	entailment	entailment	"Izjava ""Morda bi bila v primeru drugačnega začetka celotna situacija drugačna."" je v skladu s prvotno izjavo, saj obe izjavi govorita o možnosti, da bi se situacija spremenila, če bi bilo nekaj drugače."
entailment	Pri čelnih trkih se je izkazalo, da so pri trku otroci, ki sedijo obrnjeni v nasprotno smer vožnje, manj obremenjeni kot pa otroci, ki sedijo v smeri vožnje.	Vse kaže, da v primeru čelnega trčenja slabše odnesejo otroci, katerih stolček je obrnjen v smer vožnje, kot pa otroci, ki so obrnjeni s hrbtom proti vozniku.	entailment	contradiction	entailment	entailment	entailment	contradiction	Izjava vprašanja trdi nasprotno od podane izjave v stavku, saj pravi, da otroci, katerih stolček je obrnjen v smer vožnje, slabše odnesejo v primeru čelnega trčenja.
neutral	PRESAJANJE Ko korenine povsem napolnijo lonček, rastlino kadar koli presadimo v številko večjo posodo.	PRESAJANJE SPOMLADI Običajno rastline spomladi presadimo v večji lonček, saj takrat najbolj zrastejo.	entailment	entailment	entailment	entailment	entailment	contradiction	"Izjava ""PRESAJANJE SPOMLADI Običajno rastline spomladi presadimo v večji lonček, saj takrat najbolj zrastejo."" je v nasprotju z izjavo v prvem stavku, saj prva izjava navaja, da se rastlino presadi v večjo posodo, ko korenine povsem napolnijo lonček, medtem ko druga izjava navaja, da se rastline spomladi presadijo v večji lonček, saj takrat najbolj zrastejo."
neutral	“Dvomim, da vem kaj več kakor vi,“ je odvrnila Teodora.	Teodora je v pogovoru izrazila dvom, da sama ve več o tematiki gojenja rastlin kot njen sogovorec.	neutral	entailment	neutral	entailment	entailment	contradiction	"Izjava ""Dvomim, da vem kaj več kakor vi"" nakazuje, da Teodora ne ve več o tematiki gojenja rastlin kot njen sogovorec, zato je izjava ""Teodora je v pogovoru izrazila dvom, da sama ve več o tematiki gojenja rastlin kot njen sogovorec"" v nasprotju s prvotno izjavo."
neutral	Ozrl se je okrog sebe, kod da se bo strop vsak čas zrušil.	Pripeljala sem ga v staro stavbo, da bi videla njegovo reakcijo.	neutral	neutral	neutral	neutral	neutral	neutral	"Izjava ""Pripeljala sem ga v staro stavbo, da bi videla njegovo reakcijo."" ne nasprotuje izjavi ""Ozrl se je okrog sebe, kod da se bo strop vsak čas zrušil."", saj ne izključuje možnosti, da je oseba, ki jo je pripeljala v staro stavbo, opazila nevarnost, ki jo je opisala v drugi izjavi."
contradiction	Vabijo začetnike in tudi druge, ki želijo obnoviti znanje nemškega jezika.	Tečaj je namenjen izključno tistim, ki se z nemščino srečujejo prvič.	contradiction	contradiction	neutral	neutral	entailment	contradiction	"Izjava ""Tečaj je namenjen izključno tistim, ki se z nemščino srečujejo prvič."" je v nasprotju z izjavo v stavku, saj ta pravi, da je tečaj namenjen tudi drugim, ki želijo obnoviti znanje nemškega jezika."
entailment	Listi so po obliki ovalni, z rahlo nazobčanimi robovi.	Listi so imeli robove našpičene, oblika celega lista pa je bila vseeno elipsasta.	neutral	contradiction	neutral	neutral	contradiction	contradiction	Izjava vsebuje informacijo, da so listi imeli robove našpičene, medtem ko izvirna izjava pravi, da so listi po obliki ovalni. Te informacije se ne ujemajo, zato je izjava v nasprotju z izvirno izjavo.
neutral	Sidra za objemke, španarje za vinograde, tudi sadjarska sidra dobite pri Kovinarstvu Metličar, Potrčeva 26, Tel. 771-286.	Pri Kovinarstvu Metličar lahko naročite izdelavo sadjarskih sider in sider za objemke po naročilu, in to po najbolj ugodnih cenah.	entailment	entailment	entailment	neutral	entailment	entailment	Izjava vprašanja navaja, da je pri Kovinarstvu Metličar mogoče naročiti izdelavo sadjarskih sider in sider za objemke po naročilu, medtem ko izjava v stavku navaja, da pri Kovinarstvu Metličar dobite tudi sadjarska sidra. Izjava v stavku podpira izjavo vprašanja, zato je izjava vprašanja potrjena.
contradiction	Okrog vitkega pasu ji je ležal težek usnjen pas z veliko srebrno zaponko.	Opasana je bila s peresno lahkim pasom iz blaga.	contradiction	contradiction	contradiction	contradiction	contradiction	contradiction	"Iz podanega stavka je razvidno, da je oseba opasana z usnjenim pasom, zato je trditev ""Opasana je bila s peresno lahkim pasom iz blaga."" v nasprotju s tem."
contradiction	Pravico do porodniškega dopusta ima mati otroka, pod določenimi pogoji tudi oče otroka ali druga oseba ali eden od starih staršev, ki otroka neguje.	Stari starši v nobenem primeru nimajo pravice do uveljavljanja porodniškega dopusta, saj ne spadajo med sorodnike v prvem kolenu.	contradiction	contradiction	neutral	neutral	entailment	contradiction	Izjava trdi, da stari starši v nobenem primeru nimajo pravice do uveljavljanja porodniškega dopusta, saj ne spadajo med sorodnike v prvem kolenu. Vendar pa izvirna izjava navaja, da eden od starih staršev, ki otroka neguje, lahko uveljavlja pravico do porodniškega dopusta. Torej, izjava je v nasprotju z izvirno izjavo.
entailment	Na zahodni strani jezera je visok gozdnat in zakrasel Žejski hrib.	Nad jezerom se vzpenja zaraščena vzpetina, znana pod imenom Žejski hrib.	entailment	entailment	entailment	entailment	entailment	entailment	"Izjava ""Nad jezerom se vzpenja zaraščena vzpetina, znana pod imenom Žejski hrib."" se ujema z izjavo ""Na zahodni strani jezera je visok gozdnat in zakrasel Žejski hrib."", saj obe izjavi opisujeta isti hrib, ki se nahaja nad jezerom."
contradiction	Policisti so v schengenskem informacijskem sistemu preverili vozilo in ugotovili, da je bilo ukradeno v Italiji.	Kljub temeljitemu preverjanju vozila v schengenskem informacijskem sistemu policisti niso odkrili o njem ničesar novega.	neutral	entailment	entailment	entailment	entailment	neutral	"Izjava ""Kljub temeljitemu preverjanju vozila v schengenskem informacijskem sistemu policisti niso odkrili o njem ničesar novega."" ne nasprotuje izjavi v prvem stavku, saj prva izjava govori o preverjanju vozila, medtem ko druga izjava govori o tem, da policisti niso odkrili ničesar novega o vozilu."
contradiction	Za nadeve lahko uporabimo vse vrste sadja, naribana jabolka, hruške, ananas.	Ta sladica bo uspela le, če bomo za nadev uporabili jabolka.	entailment	entailment	entailment	entailment	entailment	entailment	Iz podanega stavka je razvidno, da je za uspeh sladice potrebno uporabiti jabolka za nadev, kar se ujema s podanimi možnostmi za nadev v prvem stavku.
entailment	To pa so seveda noge, roke, ušesa, nos in brada.	Vsekakor lahko vidimo po dvoje parov udov, uhlje, nos in brado.	neutral	contradiction	contradiction	contradiction	entailment	contradiction	"Izjava ""Vsekakor lahko vidimo po dvoje parov udov, uhlje, nos in brado."" je v nasprotju s prvotno izjavo, saj prva izjava navaja, da so noge, roke, ušesa, nos in brada prisotni, medtem ko druga izjava navaja, da so prisotni dvojni pari udov, uhlji, nos in brada."
entailment	Ob izbruhu prve svetovne vojne je bil poklican v vojsko.	Ob pričetku prve svetovne vojne, leta 1914, je bil mobiliziran v avstrijsko vojsko.	entailment	entailment	entailment	entailment	entailment	contradiction	"Izjava ""Ob pričetku prve svetovne vojne, leta 1914, je bil mobiliziran v avstrijsko vojsko."" je v nasprotju s stavkom ""Ob izbruhu prve svetovne vojne je bil poklican v vojsko."", saj prvi trditev govori o mobilizaciji v avstrijsko vojsko, medtem ko druga trditev samo omenja, da je bil poklican v vojsko, ne da bi navedla, katero vojsko."
entailment	Organizacije morajo zagotoviti notranjo kontrolo nad opravljanjem njihovih nalog po tem zakonu.	V zakoniku piše o zagotovitvi notranje organizacije in opravljanju njihovih dolžnosti.	neutral	entailment	entailment	neutral	entailment	contradiction	Izjava je v nasprotju s stavkom, saj se v zakoniku ne omenja zagotavljanje notranje organizacije, ampak notranje kontrole.
contradiction	Noče me razumeti,' si je obupano rekla.	Navdušeno je pomislila, da se niti ne trudi vživeti vanjo.	neutral	entailment	neutral	neutral	contradiction	neutral	"Izjava ""Navdušeno je pomislila, da se niti ne trudi vživeti vanjo."" ne nasprotuje izjavi ""Noče me razumeti,' si je obupano rekla."", saj se nanaša na drugo osebo in ne na govorca."
entailment	»Je tu kak javni telefon, ki bi ga lahko uporabil?«	Mogoče veste, če je v bližini telefonska govorilnica?	neutral	neutral	neutral	neutral	neutral	neutral	"Izjava ""Mogoče veste, če je v bližini telefonska govorilnica?"" je nevtralna, saj ne nasprotuje ali ne podpira izjave ""»Je tu kak javni telefon, ki bi ga lahko uporabil?«""."
neutral	»Sinoči pa ste vedeli, da ga nekdo umoril.«	“Zaspali ste z informacijo o tem, da mu je nekdo zadal smrtni udarec.“	entailment	entailment	entailment	neutral	entailment	contradiction	"Izjava ""Zaspali ste z informacijo o tem, da mu je nekdo zadal smrtni udarec."" je v nasprotju z izjavo ""»Sinoči pa ste vedeli, da ga nekdo umoril.«"", saj prva izjava implicira, da oseba ni vedela, da je bil umorjen, medtem ko druga izjava pravi, da je oseba vedela za umor."
neutral	Vstala je in stopila k oknu, s katerega se je videlo na dvorišče.	Pogledala je skozi okno, da bi videla, kaj je na dvorišču.	entailment	entailment	entailment	entailment	entailment	neutral	Iz podanega stavka ni mogoče sklepati, ali je pogledala skozi okno ali ne, zato je izjava nevtralna.
entailment	Če je ne bi poznali, sploh ne bi mogli vedeti za resnico.	Šele zdaj, ko jo poznate, vam je lahko jasna resnica.	entailment	entailment	entailment	entailment	entailment	contradiction	"Izjava ""Šele zdaj, ko jo poznate, vam je lahko jasna resnica."" je v nasprotju z izjavo ""Če je ne bi poznali, sploh ne bi mogli vedeti za resnico."", saj prva izjava trdi, da je resnica jasna šele zdaj, ko jo poznamo, medtem ko druga izjava trdi, da je ne bi mogli vedeti za resnico, če je ne bi poznali."
contradiction	To častitljivo obletnico so počastili s številnimi prireditvami in z izdajo obsežnega zbornika.	Praznovali so stoletnico in ob tem pripravili dva koncerta ter izdali kratko brošuro.	entailment	neutral	contradiction	neutral	neutral	contradiction	Izjava je v nasprotju s podanim stavkom, saj omenja stoletnico, medtem ko je v podanem stavku omenjena obletnica.
contradiction	V svetu po hladni vojni je globalna politika prvič v zgodovini postala mnogopolarna in mnogocivilizacijska.	V obdobju med resno politično napetostjo med ZDA in Sovjetsko zvezo je bila globalna politika enopolarna ter mnogocivilizcijska.	contradiction	contradiction	contradiction	contradiction	contradiction	contradiction	Izjava vprašanja trdi, da je globalna politika v obdobju med resno politično napetostjo med ZDA in Sovjetsko zvezo bila enopolarna, medtem ko izvirna izjava trdi, da je globalna politika po hladni vojni postala mnogopolarna. Izjava vprašanja torej nasprotuje izvirni izjavi.
entailment	Klik deluje 24 ur na dan, vse dni v letu.	Uporaba aplikacije je mogoča 365 dni na leto.	entailment	entailment	entailment	entailment	entailment	entailment	"Izjava ""Uporaba aplikacije je mogoča 365 dni na leto."" je v skladu z izjavo ""Klik deluje 24 ur na dan, vse dni v letu."", saj obe izjavi govorita o neprekinjeni uporabi aplikacije skozi celo leto."
entailment	Ta je seveda od začetka do konca komična in zabavna, pri tem pa v svoji trdi in daljnosežni »aktualnosti« tudi kar precej huda in grozljiva.	Od starta do finiša se precej smejemo in zabavamo, ima pa tudi malce grozljiv priokus, saj njeno dogajanje zlahka prenesemo v današnji čas.	entailment	entailment	entailment	entailment	entailment	entailment	Izjava vsebuje podobne izraze in poudarja podobne lastnosti kot izvirna izjava, zato je v skladu z njo.
entailment	Dodatne informacije o izletih lahko dobite v pisarni DOPPS, tel. (01) 426 58 75.	Za več podatkov o potovanjih pokličite pisarno Društva za opazovanje in proučevanje ptic Slovenije na tel. št. (01) 426 58 75.	neutral	entailment	entailment	entailment	entailment	neutral	Izjava je enaka kot v izvirnem stavku, zato je nevtralna.
entailment	V NLB lahko pošiljate in prejemate čezmejna in domača kreditna plačila SEPA.	Nova Ljubljanska banka omogoča, da plačujemo in sprejmemo SEPA-plačila tako iz Slovenije kot tudi tujine.	entailment	entailment	entailment	entailment	entailment	entailment	Izjava je v skladu s podanim stavkom, saj se nanaša na isto temo in potrjuje, da Nova Ljubljanska banka omogoča pošiljanje in prejemanje SEPA-plačil tako iz Slovenije kot tudi tujine.
entailment	»Vam lahko pomagam čez?« je olikano rekel.	Spoštljivo je ponudil svojo pomoč pri prehodu.	entailment	entailment	entailment	entailment	entailment	entailment	"Izjava ""Spoštljivo je ponudil svojo pomoč pri prehodu."" je v skladu z izjavo ""»Vam lahko pomagam čez?« je olikano rekel."", saj obe izjavi govorita o ponudbi pomoči pri prehodu."
contradiction	Mislim, da iz vsega tega ne bo prav nič.	Vse kaže, da nas čakajo zelo ugodni rezultati.	neutral	neutral	contradiction	neutral	neutral	neutral	Izražena trditev ne nasprotuje niti ne podpira izjave v prvotnem stavku, saj se nanaša na drugačno temo.
entailment	(1) Borzno posredniška družba ne sme opravljati nobenih drugih dejavnosti, razen storitev v zvezi z vrednostnimi papirji.	(1) Edina dejavnost, ki jo borzno posredniška družba sme opravljati, so storitve, ki se navezujejo na vrednostne papirje.	entailment	entailment	entailment	entailment	entailment	neutral	"Izjava ""(1) Edina dejavnost, ki jo borzno posredniška družba sme opravljati, so storitve, ki se navezujejo na vrednostne papirje."" je enaka izjavi ""(1) Borzno posredniška družba ne sme opravljati nobenih drugih dejavnosti, razen storitev v zvezi z vrednostnimi papirji."", zato je izjava nevtralna."
entailment	Odpre se novo okno, kamor vnesete ime novega makra.	V okence, ki je na voljo, vtipkate poimenovanje za novi makro.	neutral	entailment	entailment	entailment	entailment	neutral	"Izjava ""V okence, ki je na voljo, vtipkate poimenovanje za novi makro."" je enakovredna izjavi ""Vnesete ime novega makra v okno, ki je na voljo."" in se ujema z izjavo v izvirnem stavku."
contradiction	»Kdo ti je omogočil vse, kar imaš?«	“Kdo je kriv za to, da si vse izgubila?“	entailment	neutral	neutral	neutral	neutral	neutral	"Izjava ""Kdo je kriv za to, da si vse izgubila?"" ne nasprotuje izjavi ""»Kdo ti je omogočil vse, kar imaš?«"", saj se ne nanaša na isto vprašanje."
entailment	Plavica je pokončna trajnica s temno modrimi cvetnimi koški, ki se razcvetajo od pozne pomladi v sredino poletja in privabljajo metulje in čebele.	Plavica je trajno rastoča cvetica, ki s cveti v temno modri barvi in obliki posodic vabi opraševalne žuželke v obdobju od junija do začetka avgusta.	entailment	entailment	entailment	neutral	entailment	entailment	Izjava je v skladu s podanim stavkom, saj opisuje isto rastlino, ki cveti v istem obdobju in privablja iste vrste žuželk.
entailment	Ne zdite se mi človek, ki bi kuhal zamero do nedolžnega človeka.	Mislim, da niste tak tip človeka, da bi bil kar tako zamerljiv.	neutral	entailment	entailment	entailment	entailment	neutral	"Izjava ""Mislim, da niste tak tip človeka, da bi bil kar tako zamerljiv."" ne nasprotuje izjavi ""Ne zdite se mi človek, ki bi kuhal zamero do nedolžnega človeka."", saj se prva izjava nanaša na splošno zamerljivost osebe, medtem ko se druga izjava nanaša na kuhanje zamere do nedolžnega človeka."
entailment	Za volitve poslancev italijanske oziroma madžarske narodne skupnosti se na območjih, kjer ti skupnosti živita, oblikujeta posebni volilni enoti.	Za območja občin, kjer živi italijanska oziroma madžarska narodna skupnost, se določita dve posebni volilni enoti, v katerih se voli po en poslanec italijanske oziroma madžarske narodne skupnosti.	entailment	entailment	entailment	entailment	entailment	entailment	Izjava je v skladu s podanim stavkom, saj se v stavku omenja oblikovanje dveh posebnih volilnih enot, kar je enako določitvi dveh posebnih volilnih enot.
entailment	»Ste prepričani, da je vse v škatli?«	“Je notri vse, kar mora biti?“	neutral	entailment	neutral	neutral	neutral	neutral	"Izjava ""Je notri vse, kar mora biti?"" je vprašanje, ki se nanaša na vsebino škatle, zato je vprašanje nevtralno glede na izjavo ""»Ste prepričani, da je vse v škatli?«""."
neutral	To, na kar ga je opozorila, se mu je zapičilo v možgane.	Kar je izpostavila, mu je še dolgo ostajalo v spominu.	entailment	entailment	entailment	entailment	entailment	entailment	"Izjava ""Kar je izpostavila, mu je še dolgo ostajalo v spominu."" je v skladu s prvotno izjavo, saj obe izjavi govorita o tem, da se nekaj vtisne v spomin osebe."
entailment	Z odporom je gledal zviti tvidasti suknjič v Langdonovih rokah.	Langdon je v rokah držal zmečkan suknjič iz tvida, kar pa je bilo njemu težko gledati.	entailment	entailment	entailment	entailment	entailment	contradiction	Iz podanega stavka je razvidno, da je Langdon v rokah držal zviti suknjič iz tvida, kar je v nasprotju s trditvijo, da je imel zmečkan suknjič iz tvida.
neutral	Dizelski motor dopolnjuje 6-stopenjski ročni menjalnik, tako da skupaj nudita neprimerljivo mešanico moči, poskočnosti in natančnega nadzora.	Motor z nizko porabo dizelskega goriva je primeren za vse tiste, ki prevozite daljše razdalje, na katerih boste za razgibano vožnjo lahko poskrbeli s 6-stopenjskim menjalnikom.	entailment	entailment	entailment	entailment	entailment	entailment	Izjava je v skladu z izvirnim stavkom, saj omenja motor z nizko porabo dizelskega goriva, ki je primeren za daljše razdalje, in tudi omenja 6-stopenjski menjalnik, ki je omenjen v izvirnem stavku.
neutral	Možev finančni položaj se ne bo spremenil, vas pa prihodnje leto poleti čaka malo večji znesek, ki bo prišel po uradni poti.	Naslednje leto se bo vaš finančni položaj malce spremenil, finance vašega moža pa bodo ostajale enake kot letos.	contradiction	contradiction	entailment	neutral	contradiction	contradiction	Iz podanega stavka je razvidno, da se bo finančni položaj osebe spremenil, medtem ko finančni položaj njenega moža ostaja enak.
contradiction	Pisni izpit ocenijo zunanji ocenjevalci po merilih, ki jih pripravi DPK SM za matematiko.	Vsak učenec je svoje pisno preverjanje znanja ocenil sam s pomočjo sošolcev, pri ocenjevanju so postavili kar svoje lasnte kriterije.	neutral	contradiction	contradiction	neutral	contradiction	contradiction	Izjava je v nasprotju s podanim stavkom, saj pravi, da so učenci sami ocenili svoje pisno preverjanje znanja, medtem ko je v podanem stavku navedeno, da pisni izpit ocenijo zunanji ocenjevalci.
neutral	Opazna so široka območja svetlejše snovi, tudi prah in skale, ki napolnjujejo kraterje.	Ognjenik bruha tudi pepel in razbeljeno kamenje, ki prekrijeta tla.	entailment	neutral	entailment	neutral	entailment	contradiction	"Izjava ""Ognjenik bruha tudi pepel in razbeljeno kamenje, ki prekrijeta tla."" se ne ujema z izjavo ""Opazna so široka območja svetlejše snovi, tudi prah in skale, ki napolnjujejo kraterje."", saj prva izjava govori o pepelu in razbeljenem kamenju, medtem ko druga izjava govori o svetlejši snovi, prahu in skalah."
neutral	Oblival ga je hladen pot, vendar je naposled uspel.	Potil se je in roke so se mu tresle, a uspešno je dokončal.	entailment	entailment	entailment	entailment	entailment	contradiction	"Izjava ""Potil se je in roke so se mu tresle, a uspešno je dokončal."" je v nasprotju s prvotno izjavo, saj prva izjava navaja, da je oseba uspela, medtem ko druga izjava navaja, da se je oseba potila in tresle so se ji roke."
entailment	Nagrajence bomo o rezultatih nagradne igre obvestili pisno po pošti.	Dobitnikom nagrad bomo v vednost po pošti poslali rezultate igre z nagradami.	entailment	entailment	entailment	entailment	entailment	contradiction	"Izjava ""Dobitnikom nagrad bomo v vednost po pošti poslali rezultate igre z nagradami."" je v nasprotju s prvotno izjavo, saj prva izjava pravi, da bodo rezultate nagradne igre obvestili pisno po pošti, medtem ko druga izjava pravi, da bodo rezultate igre z nagradami poslali po pošti dobitnikom nagrad."
entailment	Sidra za objemke, španarje za vinograde, tudi sadjarska sidra dobite pri Kovinarstvu Metličar, Potrčeva 26, Tel. 771-286.	Če potrebujete sadjarska sidra, sidra za objemke ali španarje za vinograde, je podjetje Kovinarstvo Metličar pravo za vas!	entailment	entailment	entailment	entailment	entailment	entailment	Izjava v prvem stavku potrjuje izjavo v drugem stavku, saj omenja isto podjetje in iste izdelke.
entailment	Možnost, da bi zdravniki umaknili preklice soglasij za delo preko polnega delovnega časa, po besedah Kuštrina sicer obstaja.	Kuštrin pa je ponovil, da bodo zdravnikom predlagali, naj prekličejo soglasja za delo preko polnega delovnega časa.	entailment	entailment	entailment	entailment	entailment	neutral	Iz podanega stavka je razvidno, da Kuštrin omenja možnost umika soglasij za delo preko polnega delovnega časa, vendar pa ni jasno ali je to predlog zdravnikom ali samo obstaja možnost.
contradiction	»Nikakor ne, milostljiva,« se je strinjala gospa Harben.	Gospa Harben se ji je končno uprla in rekla: “Ne, tokrat nimate prav!“	contradiction	contradiction	neutral	neutral	entailment	contradiction	"Izjava ""Gospa Harben se ji je končno uprla in rekla: “Ne, tokrat nimate prav!“"" je v nasprotju s stavkom ""»Nikakor ne, milostljiva,« se je strinjala gospa Harben."""
contradiction	Če se zaprosilo za zaplembo nanaša na določen del premoženja, se lahko pogodbenici dogovorita, da zaprošena pogodbenica izvrši zaplembo v obliki zahteve za plačilo denarnega zneska, ki ustreza vrednosti premoženja.	Zaprosilo za zaplembo, ki je vezana na specifičen del premoženja, se ne more udejanjiti na noben način, ki bi rezultiral v izplačilu v denarnih sredstvih.	contradiction	contradiction	neutral	neutral	entailment	contradiction	Izjava trdi, da zaprosilo za zaplembo specifičnega dela premoženja ne more biti izvedeno na način, ki bi rezultiral v izplačilu v denarnih sredstvih. Glede na to, da je v izvirni povedi navedeno, da se lahko pogodbenici dogovorita, da se zaplembo izvrši v obliki zahteve za plačilo denarnega zneska, je izjava v nasprotju s tem in jo zanika.
entailment	Po filmu bo sledil pogovor z gosti s Slovenske filantropije in Ivo Grobin , soavtorico filma.	Ena od avtorjev Iva Grobin in člani Slovenske filantropije bodo po ogledu filma na voljo za pogovor.	entailment	entailment	entailment	entailment	entailment	entailment	Iz podanega stavka je razvidno, da bodo člani Slovenske filantropije in Iva Grobin na voljo za pogovor po ogledu filma, kar se ujema s trditvijo.
contradiction	Na sodbo se je pritožila odvetnica, ki je bila prepričana, da bi moral biti njen varovanec oproščen.	Odvetnica je bila zadovoljna, ko je bil pravilno spoznan za krivega, kljub temu, da je bil njen varovanec.	contradiction	contradiction	contradiction	neutral	contradiction	contradiction	Izjava vprašanja trdi, da je odvetnica bila zadovoljna, ko je bil njen varovanec spoznan za krivega, medtem ko je bila v izvirni povedi odvetnica prepričana, da bi moral biti njen varovanec oproščen. To pomeni, da je izjava vprašanja v nasprotju z izvirno povedjo.
neutral	Oh, ko vsaj ne bi bil tako luštkan, sem zastokala v mislih.	Požirala sem ga z očmi in potihem stokala, le stežka sem se mu upirala.	entailment	neutral	entailment	neutral	entailment	contradiction	"Izjava ""Požirala sem ga z očmi in potihem stokala, le stežka sem se mu upirala."" je v nasprotju z izjavo ""Oh, ko vsaj ne bi bil tako luštkan, sem zastokala v mislih."", saj prva izjava izraža privlačnost do osebe, medtem ko druga izjava izraža nezadovoljstvo z njenim videzom."
contradiction	Obšla jo je groza, da se bo zadušila, če bo jokala.	Bila je neizmerno vesela, saj je niso pestile nobene skrbi.	neutral	neutral	contradiction	contradiction	contradiction	neutral	Iz podanega stavka ni mogoče sklepati, ali je bila oseba vesela ali ne, saj se nanaša na drugo osebo in ne na osebo, ki jo opisuje prvi stavek.
contradiction	Ko se je Trissa otresla jeze, je stopila k njej in jo potrepljala po ramenih.	Ko ni bila več jezna, je pristopila do nje in ji prijateljsko segla v roko.	entailment	entailment	entailment	entailment	entailment	neutral	Iz podanega stavka ni mogoče sklepati, ali je Trissa več jezna ali ne, zato je izjava nevtralna.
neutral	Če je mešanica pregosta, dodamo toliko vode, da dosežemo želeno trdnost.	Če jed želimo zmehčati in razredčiti, je naboljši način, da ji vmešamo vodo.	entailment	neutral	entailment	neutral	entailment	contradiction	Izjava vprašuje, kako zmehčati in razredčiti jed, medtem ko izvirna izjava govori o dodajanju vode, da dosežemo želeno trdnost mešanice. Izjava vprašuje o drugačnem načinu razredčitve jedi, zato je v nasprotju z izvirno izjavo.
contradiction	V drugem odstavku 1. člena pa je splošna prepoved diskriminacije dopolnjena z določbo, da nobena javna oblast ne bo proti nikomur izvajal diskriminacije iz katerega koli razloga iz prvega odstavka.	V zakoniku je splošna prepoved diskriminacije nenatančno navedena, saj ne podaja razlogov, zaradi katerih javna oblast ne sme izvajati splošne javne diskriminacije.	contradiction	contradiction	neutral	neutral	contradiction	contradiction	Izjava je v nasprotju s podanim stavkom, saj zakonik v drugem odstavku 1. člena določa, da nobena javna oblast ne sme izvajati diskriminacije iz katerega koli razloga.
contradiction	Lahko se dogovorimo, kaj bomo gledali, in se potem o tem tudi pogovorimo.	Bolje je, če se en sam odloči za vse nas, kaj bomo gledali, potem pa se lahko o tem pogovorimo.	entailment	neutral	neutral	neutral	contradiction	contradiction	"Izjava ""Bolje je, če se en sam odloči za vse nas, kaj bomo gledali, potem pa se lahko o tem pogovorimo."" se ne ujema z izjavo ""Lahko se dogovorimo, kaj bomo gledali, in se potem o tem tudi pogovorimo."", saj prva izjava predlaga, da se ena oseba odloči za vse, medtem ko druga izjava predlaga, da se vsi skupaj dogovorimo in se nato pogovorimo."
contradiction	A to pot se je končalo s popolno katastrofo Francozov.	Francozi tokrat ne bi mogli biti bolj zadovoljni z izidom.	contradiction	contradiction	contradiction	neutral	contradiction	contradiction	"Izjava ""Francozi tokrat ne bi mogli biti bolj zadovoljni z izidom."" je v nasprotju s stavkom ""A to pot se je končalo s popolno katastrofo Francozov."", saj prvi trdi, da so Francozi zelo zadovoljni z izidom, medtem ko drugi trdi, da se je končalo s katastrofo."
entailment	Požarna varnost je varnost ljudi, živali in premoženja ob požaru.	Požarna varnost vključuje neogroženost živali, ljudi in njihovega premoženja.	entailment	entailment	entailment	entailment	entailment	neutral	"Izjava ""Požarna varnost vključuje neogroženost živali, ljudi in njihovega premoženja."" je enakovredna izjavi ""Požarna varnost je varnost ljudi, živali in premoženja ob požaru."", zato je izjava nevtralna."
entailment	Trava ne vzkali, če so semena pregloboko v zemlji.	Če semena zasadimo pregloboko, nam trava ne bo vzklila.	entailment	entailment	entailment	entailment	entailment	entailment	"Izjava ""Če semena zasadimo pregloboko, nam trava ne bo vzklila."" je enaka izjavi ""Trava ne vzkali, če so semena pregloboko v zemlji."" zato je izjava entailed."
neutral	Dvorec Prebold je dvonadstropna štiritraktna stavba pravokotnega tlorisa, četrto stran tvori nizek zid, s pravokotnimi stolpi na vogalih.	Veličastna renesančna graščina v Preboldu sestoji iz dveh nadstropij, je pravilne pravokotne oblike, ima notranji vrt in dva vogalna stolpa.	entailment	contradiction	entailment	neutral	entailment	contradiction	Izjava je v nasprotju s podanim stavkom, saj se ne ujema glede števila nadstropij, oblike, notranjega vrta in števila vogalnih stolpov.
entailment	Očitno se je zavedal, da to še ni pomembno.	Jasno mu je bilo, da to v tem hipu ni v središču pozornosti.	entailment	entailment	entailment	entailment	entailment	neutral	Izražena trditev ne nasprotuje izvirni trditvi, ampak jo le nadaljuje, zato je nevtralna.
neutral	Popoldne so med poostrenim nadzorom prometa v Suhorju pri Novem mestu ustavili 39-letnega voznika osebnega avta iz Brezja, ki je napihal 1,49 promila.	Med nadziranjem prometa so ustavili Dolenjca, ki mu je test alkoholiziranosti pokazal previsoko raven alkohola v krvi.	entailment	entailment	entailment	entailment	entailment	neutral	Iz podanega stavka ni mogoče sklepati ali je trditev podana v drugem stavku resnična ali ne, saj ni dovolj informacij o tem, ali je bil voznik iz prvega stavka Dolenjec ali ne.
neutral	Vem pa, slišal sem, da so bile nekatere atletinje izrazito spolno aktivne in nimfomansko razpoložene.	Do mene je prišla informacija, da so nekatere športnice hudo nimfomansko razpoložene, nekatere pa so izjemno zavrte.	contradiction	entailment	neutral	neutral	neutral	neutral	Izjava vprašanja ne nasprotuje izjavi v stavku, ampak dodaja informacijo o drugačnem vedenju nekaterih športnic, zato je nevtralna.
contradiction	»In kdo naj bi bila ta izjemna osebnost?«	Le kdo je ta ničvrednež?	neutral	contradiction	neutral	neutral	contradiction	contradiction	"Izjava ""Le kdo je ta ničvrednež?"" je v nasprotju s prvotno izjavo, saj izraža negativno mnenje o osebi, medtem ko prvotna izjava govori o izjemni osebnosti."
contradiction	Kraj nesreče sta si ogledali tudi preiskovalna sodnica in državna tožilka.	Okoliščine nesreče so si prišli ogledat samo policisti.	neutral	neutral	contradiction	neutral	contradiction	neutral	Iz podanega stavka ni mogoče sklepati ali so si okoliščine nesreče ogledali samo policisti ali ne, saj se o tem ne govori.
entailment	Pisni izpit ocenijo zunanji ocenjevalci po merilih, ki jih pripravi DPK SM za matematiko.	Pisni preizkus znanja ovrednoti zunanja komisija, pri tem si pomagajo s kriteriji DPK SM za predmet matematika.	entailment	neutral	entailment	entailment	entailment	contradiction	Izjava je v nasprotju s podanim stavkom, saj se v izjavi omenja zunanja komisija, medtem ko se v stavku omenjajo zunanji ocenjevalci.
neutral	**Sportinina kartica ugodnosti ne velja za blagovne znamke Orsay, Tally Weijl, Xanaka, Tape a l'oeil in Six.	V drobnem tisku so podrobnejša pravila glede ugodnosti, ki jih ponuja Sportinina kartica ugodnosti.	neutral	neutral	entailment	neutral	entailment	neutral	Izjava v drobnem tisku podaja podrobnejša pravila glede ugodnosti, ki jih ponuja Sportinina kartica ugodnosti, kar ne nasprotuje navedbi, da kartica ne velja za določene blagovne znamke, ampak dodaja dodatne informacije o ugodnostih, ki so na voljo.
contradiction	Osvojili so pet naslovov šolskih prvakov, dve drugi in tri tretja mesta.	S tekmovanja so se vrnili brez vsakega naziva ali medalje.	contradiction	contradiction	contradiction	contradiction	contradiction	contradiction	"Iz podanega stavka je razvidno, da so osvojili pet naslovov šolskih prvakov, dve drugi mesti in tri tretja mesta, kar pomeni, da so prejeli vsaj en naziv ali medaljo. Zato trditev ""S tekmovanja so se vrnili brez vsakega naziva ali medalje."" je v nasprotju s podanimi informacijami."
entailment	Slovenija je še vedno najmanj zadolžena članica držav evrobmočja in se je tej ravni zadolženosti zaradi hitre gospodarske rasti doslej približevala postopoma.	V Evropski uniji Slovenija še vedno velja za eno izmed držav z najmanj dolgovi, k čemur je pripomogel hiter, a postopen, vzpon gospodarstva.	neutral	entailment	entailment	entailment	entailment	entailment	Izjava je v skladu s podanim stavkom, saj oboje trdi, da je Slovenija ena izmed držav z najmanj dolgovi v Evropski uniji, pri čemer je hitra gospodarska rast prispevala k temu.
entailment	Predpisana akontacija davka iz dejavnosti se odšteje od odmerjene dohodnine.	Od nekega dela je treba določen del davka nameniti akontaciji, da se potem odšteje od dohodnine.	entailment	entailment	entailment	entailment	entailment	entailment	Izjava je v skladu s podanim stavkom, saj se v obeh primerih omenja akontacija davka, ki se odšteje od dohodnine.
contradiction	Skice prikazujejo smer vrtenja Zemlje (Z) in smer kroženja Lune (L) okrog Zemlje.	Ne vidi se dobro, kroži Luna okoli Zemlje ali Zemlja okoli Lune?	contradiction	contradiction	neutral	neutral	neutral	contradiction	Iz podanega stavka je razvidno, da je Luna tista, ki kroži okoli Zemlje, zato se izjava ne ujema s podanimi informacijami.
contradiction	IGRALEC A Z ZGORNJIM ODBOJEM PODA ŽOGO IGRALCU C, IGRALEC B ISTOČASNO STOPI K MREŽI.	Prvi igralec se žoge ne sme dotakniti, zato tretji igralec teče k mreži, da jo lahko drugi igralec odbije.	entailment	entailment	entailment	neutral	entailment	entailment	Iz podanega stavka je razvidno, da prvi igralec ne sme dotakniti žoge, zato tretji igralec teče k mreži, da jo lahko drugi igralec odbije.
contradiction	A kot boš nekoč, ko boš starejša, sama ugotovila sama, mora življenje iti naprej.	Čeprav pravijo, da gre življenje naprej, boš videla, da so to le prazne besede.	contradiction	entailment	neutral	neutral	entailment	contradiction	"Izjava ""Čeprav pravijo, da gre življenje naprej, boš videla, da so to le prazne besede."" se ne strinja s prvotno izjavo, ker prva izjava trdi, da življenje gre naprej, medtem ko druga izjava trdi, da so to le prazne besede."
entailment	Osredotočite se na večje mišične skupine, kot so prsi, hrbet, rame in noge.	Pozornost posvetite mišicam na prednjem in zadnjem delu trupa ter na okončinah.	neutral	neutral	entailment	neutral	entailment	contradiction	"Izjava ""Pozornost posvetite mišicam na prednjem in zadnjem delu trupa ter na okončinah."" je v nasprotju z izjavo ""Osredotočite se na večje mišične skupine, kot so prsi, hrbet, rame in noge."", saj prva izjava poudarja mišice na prednjem in zadnjem delu trupa ter na okončinah, medtem ko druga izjava navaja, naj se osredotočimo na večje mišične skupine, kot so prsi, hrbet, rame in noge."
neutral	»Ničesar ne slišim,« je rekel, ko je še močneje napel ušesa.	“Nič ne slišim,” je med zobmi rekel prvemu častniku.	neutral	entailment	entailment	neutral	entailment	neutral	"Izjava ""»Ničesar ne slišim,« je rekel, ko je še močneje napel ušesa."" ne nasprotuje izjavi ""“Nič ne slišim,” je med zobmi rekel prvemu častniku."", saj obe izjavi govorita o tem, da oseba ne sliši ničesar."
entailment	Čustveni odzivi stresa so strah, tesnoba, zaskrbljenost in depresivnost.	Na stres se lahko odzivamo na različne načine, npr. s prestrašenostjo, tesnobo in kopičenjem skrbi.	neutral	entailment	entailment	entailment	entailment	entailment	Izjava vsebuje enake pojme kot izvirna izjava, zato je izjava potrjena.
contradiction	Takoj sem ugotovil, da je računalništvo področje, ki me zanima.	Ne spoznam se na računalnike, niti nimam veselja, da bi se s tem ukvarjal.	contradiction	contradiction	contradiction	contradiction	contradiction	contradiction	"Izjava ""Ne spoznam se na računalnike, niti nimam veselja, da bi se s tem ukvarjal."" je v nasprotju s prvotno izjavo, saj prva izjava izraža zanimanje za računalništvo, medtem ko druga izjava izraža pomanjkanje znanja in interesa za to področje."
entailment	(2) O porabi sredstev iz prejšnjega odstavka odloča ustavno sodišče.	Ustavno sodišče je tisto, ki določa, kam bodo namenjena sredstva.	contradiction	entailment	neutral	entailment	entailment	contradiction	Izjava vprašanja navaja, da ustavno sodišče določa, kam bodo namenjena sredstva, medtem ko izvirna izjava navaja, da ustavno sodišče odloča o porabi sredstev. Izjava vprašanja je torej v nasprotju z izvirno izjavo.
contradiction	Kdo bi vedel, kaj se bo še zgodilo in razvilo iz tega...	Jasno je, da smo s tem problemom zaključili.	contradiction	neutral	neutral	neutral	contradiction	neutral	"Izražena izjava ""Jasno je, da smo s tem problemom zaključili."" ne nasprotuje izjavi v prvotnem stavku, vendar tudi ne podpira ali potrjuje izjave. Zato je odgovor ""neutralen""."
entailment	Zaradi premočnega vetra so prireditelji tekmo prestavili na nedeljo, ko naj bi bili na sporedu dve tekmi, sobotna le z eno serijo.	Ker je pihal hud veter, bo tekma namesto v soboto v nedeljo, takrat bosta zdaj dve srečanji.	entailment	entailment	entailment	neutral	entailment	entailment	Tekma je bila prestavljena zaradi premočnega vetra.
neutral	Gojenje: med rastjo morajo biti v enakomerno vlažni prsti, zato jih je treba ves čas zmerno zalivati, pozimi pa potrebujejo zelo malo vode.	Kako obilno in pogosto je te rastline treba zalivati, pa je odvisno od mnogo dejavnikov in pogosto pri ljudeh predstavlja vir negotovosti.	neutral	neutral	entailment	neutral	neutral	neutral	Izjava vpraša, kako obilno in pogosto je treba zalivati rastline, medtem ko izvirna izjava navaja, da jih je treba ves čas zmerno zalivati. Izjava ne nasprotuje izvirni izjavi, vendar je tudi ne podpira, saj ne daje nobenih dodatnih informacij o tem, kako obilno in pogosto je treba zalivati rastline.
contradiction	Večina dišavnic ima rada veliko sonca, zato so te rastline nadvse primerne za gojenje na oknih, balkonih in terasah, ki so ves dan obsijani s soncem, kjer mnogo cvetlic ne preživi.	Sončne svetlobe glavnina dišavnic ne prenese in v njej ne uspevajo, zato jih raje kot na prisojna mesta postavimo v temne in vlažne prostore, kot je npr. klet.	contradiction	contradiction	contradiction	contradiction	contradiction	contradiction	Trditev v nasprotju z izjavo v prvem stavku, saj pravi, da dišavnice ne prenašajo sončne svetlobe, medtem ko prvi stavek pravi, da imajo dišavnice rade veliko sonca.
contradiction	»Kje si bil?« ga je mrko pogledal.	Le prijazno ga je pogledal, ni ga spraševal, kje se je potikal.	neutral	contradiction	contradiction	neutral	contradiction	neutral	"Iz stavka ""Le prijazno ga je pogledal, ni ga spraševal, kje se je potikal."" ni mogoče sklepati, ali je bil oseba, ki jo je pogledal, ista oseba, ki jo je pogledal v prvem stavku ""»Kje si bil?« ga je mrko pogledal.""."
contradiction	Laserski tiskalniki nudijo viskoko kakovost in uporabljajo navaden tipkarski papir, vendar so počasni in dragi, še posebni barvni.	Tiskalniki, ki delujejo s pomočjo laserja, so izjemno nekvalitetni, zanje potrebujemo tudi poseben papir, so pa zelo hitri in poceni, zlasti črno-beli.	contradiction	contradiction	contradiction	contradiction	contradiction	contradiction	Izjava v nasprotju z izvirno trditvijo, saj trdi, da so laserski tiskalniki nekvalitetni, potrebujejo poseben papir, so pa hitri in poceni, medtem ko izvirna trditev pravi, da laserski tiskalniki nudijo visoko kakovost, uporabljajo navaden papir, so pa počasni in dragi, še posebej barvni.
entailment	Trenutno nimamo podatkov na katerih področjih imajo bolnice z rakom dojke največ težav in kateri dejavniki najbolj vplivajo na njihovo kakovost življenja.	Po momentano znanih informacijah ne gre sklepati, s katerimi problemi ter omejitvami v povezavi s kakovostjo življenja se često srečujejo pacientke, ki bolehajo za najpogostejšo vrsto raka pri ženskah.	neutral	neutral	neutral	neutral	neutral	neutral	Izjava ne nasprotuje izjavi v prvem stavku, saj obe trdita, da trenutno ni podatkov o težavah in omejitvah pacientk z rakom dojke. Izjava je torej nevtralna.
contradiction	»In tam – tam sem spoznala neko dekle.«	“Tam sem bila precej osamljena, saj nisem spoznala nikogar novega.“	entailment	entailment	entailment	entailment	entailment	contradiction	"Izjava ""Tam sem bila precej osamljena, saj nisem spoznala nikogar novega."" je v nasprotju z izjavo ""»In tam – tam sem spoznala neko dekle.«"", saj prva izjava navaja, da ni spoznala nikogar novega, medtem ko druga izjava navaja, da je spoznala neko dekle."
contradiction	Zagodrnjala je, vstala, si napolnila lonček z vodo in ga nesla s sabo v spalnico.	Nasmejana je vstala, si natočila kozarec vode, potem pa praznih rok odšla v spalnico.	neutral	contradiction	contradiction	neutral	contradiction	contradiction	Izjava je v nasprotju s podanim stavkom, saj v podanem stavku oseba napolni lonček z vodo, medtem ko v izjavi oseba natoči kozarec vode.
contradiction	TUNEL NA SLIKI JE ZARADI PREZRAČEVANJA ODPRT NA OBEH KONCIH, LAHKO PA GA TUDI ZAPRETE S STEKLENIMI ALI PLASTIČNIMI PLOŠČAMI.	Tunel, ki je viden na sliki, mora biti obvezno na obeh koncih odprt, da je omogočeno nujno potrebno prezračevanje.	entailment	entailment	neutral	neutral	entailment	contradiction	Izjava je v nasprotju s podanim stavkom, saj ne omenja nujnega potrebnega prezračevanja, ki je navedeno v stavku.
neutral	Zanima me, kako dolgo jo bova še imela.«	Ona je z nama že kar nekaj časa.	neutral	neutral	neutral	neutral	neutral	neutral	"Izjava ""Ona je z nama že kar nekaj časa."" ne nasprotuje izjavi ""Zanima me, kako dolgo jo bova še imela."", saj se nanaša na preteklost, medtem ko se druga izjava nanaša na prihodnost."
neutral	Navadno so jih izdelovali v črni, rdeči in rjavi barvi.	Barve, v katerih so jih najpogosteje izdelovali nekdaj, so črna, rdeča ter rjava.	entailment	entailment	entailment	entailment	entailment	entailment	Trditev je enaka izjavi v izvirnem stavku, zato je trditev potrjena.
entailment	Veliki čezmerni odmerki lahko povzročijo močno zaspanost, utrujenost in občutek vročine.	Prekomerno zaužitje lahko sproži intenzivno utrujenost, zaspanost, celo občutek povišane temperature.	entailment	entailment	entailment	entailment	entailment	entailment	Izjava je enaka kot izvirna, zato je izjava potrjena.
contradiction	Bila je zelo bleda in v očeh ji je bral obup.	Njena rdečica na licih in smejoče oči sta mu govorili o njenem veselju.	contradiction	contradiction	contradiction	neutral	contradiction	contradiction	Izjava vsebuje informacijo o rdečici na licih in smejočih očeh, kar kaže na veselje, medtem ko izvirna izjava omenja bledico in obup v očeh, kar kaže na nasprotje.
entailment	Med moje naloge sodi tudi polnjenje polic in naročanje izdelkov .	Moje zadolžitve obsegajo dodajanje izdelkov na police in njihovo naročanje.	entailment	entailment	entailment	entailment	entailment	neutral	"Izjava ""Moje zadolžitve obsegajo dodajanje izdelkov na police in njihovo naročanje."" je enakovredna izjavi ""Med moje naloge sodi tudi polnjenje polic in naročanje izdelkov."" zato je izjava NEUTRALNA."
entailment	Zavarovana oseba ima pravico do novega pripomočka še pred iztekom trajnostne dobe, in sicer v primeru anatomskih in funkcionalnih sprememb, zaradi katerih je postal pripomoček neustrezen.	Posameznik, ki ima sklenjeno zavarovanje, sme v primeru, da pride do anatomskih in praktičnih modifikacij, ki so privedle do neprimernosti naprave, prejeti novo napravo, še preden se ji izteče rok trajanja.	entailment	entailment	entailment	entailment	entailment	entailment	Izjava vprašanja je enaka kot v izvirnem stavku, zato je izjava vprašanja v skladu z izvirnim stavkom.
contradiction	Z vaščani, ki so postavljali dodatno ploščo, je bil tudi hotiški župnik Vili Kovač, ki je postal osrednja osebnost dogodka povsem nepričakovano.	Vaščanom je dodatno ploščo pomagal postaviti tudi Vili Kovač, župnik na Hotizi, vendar se zanj nihče ni zmenil.	contradiction	entailment	entailment	neutral	contradiction	neutral	Iz podanega stavka ni mogoče sklepati ali je trditev podana v drugem stavku resnična ali ne, saj ne vsebuje nobenih informacij o tem, ali se je kdo zmenil za Vila Kovača ali ne.
